title,edition,foil,quantity
Ambitious Farmhand,Innistrad: Midnight Hunt,FALSE,1
Ambitious Farmhand,Innistrad: Midnight Hunt,FALSE,1
Ambitious Farmhand,Innistrad: Midnight Hunt,TRUE,2
Ambitious Farmhand,Innistrad: Midnight Hunt,FALSE,1
Ambitious Farmhand,Innistrad: Midnight Hunt,FALSE,1
Ambitious Farmhand,Innistrad: Midnight Hunt,FALSE,1
Ambitious Farmhand,Innistrad: Midnight Hunt,FALSE,1
Clue,Modern Horizons 2 Tokens,FALSE,1
Food,Tales of Middle-earth Tokens,FALSE,1
Demonic Tutor,Commander Masters,TRUE,1
Lightning Bolt,Magic 2011,FALSE,1
Lightning Bolt,Magic 2011,FALSE,1
Lightning Bolt,Magic 2011,FALSE,1
Lightning Bolt,Magic 2011,FALSE,1
Lightning Bolt,Magic 2011,FALSE,1
Lightning Bolt,Magic 2011,FALSE,1
Lightning Bolt,Magic 2011,FALSE,1
Lightning Bolt,Magic 2011,FALSE,1
Lightning Bolt,Magic 2011,FALSE,1
Lightning Bolt,Magic 2011,FALSE,1
Lightning Bolt,Magic 2011,FALSE,1
