Quantity,Card Name,Set,Collector #,Premium
1,Ambitious Farmhand // Seasoned Cathar,MID,2,No
1,Ambitious Farmhand // Seasoned Cathar,MID,2,No
2,Ambitious Farmhand // Seasoned Cathar,MID,2,Yes
1,Ambitious Farmhand // Seasoned Cathar,MID,2,No
1,Ambitious Farmhand // Seasoned Cathar,MID,2,No
1,Ambitious Farmhand // Seasoned Cathar,MID,2,No
1,Ambitious Farmhand // Seasoned Cathar,MID,2,No
1,Clue,TMH2,14,No
1,Food,TLTR,10,No
1,Demonic Tutor,CMM,509,Yes
1,Lightning Bolt,M11,149,No
1,Lightning Bolt,M11,149,No
1,Lightning Bolt,M11,149,No
1,Lightning Bolt,M11,149,No
1,Lightning Bolt,M11,149,No
1,Lightning Bolt,M11,149,No
1,Lightning Bolt,M11,149,No
1,Lightning Bolt,M11,149,No
1,Lightning Bolt,M11,149,No
1,Lightning Bolt,M11,149,No
1,Lightning Bolt,M11,149,No
